{
  "demo": {
    "header.shop": "Shop",
    "header.services": "Services",
    "viewall.services": "View All Services",
    "splash.newVersionAvailable": "Here is New Version Available",
    "splash.pleaseUpdate": "New version is available please update",
    "splash.remindLater": "Remind Me Later",
    "splash.update": "Update",
    "splash.poweredBy": "Powered By",
    "splash.companyName": "GTT Data Solutions",
    "splash.errorFound": "Error Found",
    "splash.ok": "OK",
    "splash.systemError": "Sorry for your inconvenience",
    "login.welcome": "Welcome to PockIT!",
    "login.loginTitle": "Login",
    "login.emailMobilePlaceholder": "Enter Email ID or Mobile Number",
    "login.emailMobileLabel": "Email or Mobile Number",
    "login.mobileLabel": "Mobile Number",
    "login.emailLabel": "Email",
    "login.loginButton": "Login",
    "login.noAccount": "Don't have an account? ",
    "login.register": "Register",
    "login.continueGuest": "Continue as a guest",
    "login.verificationCode": "Enter Verification Code",
    "login.verificationMessage": "We have sent you a 4 digit verification code on",
    "login.dontReceiveCode": "Don't receive code?",
    "login.resendOTP": "Resend OTP",
    "login.changeNumber": "Change Number",
    "login.changeEmail": "Change Email",
    "login.verify": "Verify",
    "login.mobileError": "Please enter a valid mobile number",
    "login.emailError": "Please enter a valid email address",
    "login.emailMobileError": "Please enter email or mobile number",
    "registration.welcome": "Welcome to PockIT!",
    "registration.registerTitle": "Register",
    "registration.nameLabel": "Name",
    "registration.namePlaceholder": "Enter Full Name*",
    "registration.nameError": "Please enter a valid characters",
    "registration.mobileLabel": "Mobile Number",
    "registration.mobilePlaceholder": "Eg. 99999 99999*",
    "registration.emailLabel": "Email",
    "registration.emailPlaceholder": "Eg. abcd@xyz.com",
    "registration.registerButton": "Register",
    "registration.haveAccount": "Already have an Account? ",
    "registration.login": "Login",
    "registration.validationErrors.nameRequired": "Please enter your name",
    "registration.validationErrors.nameEmpty": "Name must not be empty",
    "registration.validationErrors.mobileRequired": "Please enter mobile number",
    "registration.validationErrors.mobileInvalid": "Please enter valid mobile number",
    "registration.validationErrors.emailRequired": "Please enter email Address",
    "registration.validationErrors.emailInvalid": "Please enter valid email address",
    "registration.validationErrors.systemError": "Something went wrong",
    "address.editTitle": "Edit address details",
    "address.addTitle": "Enter address details",
    "address.contactPersonDetails": "Contact Person Details",
    "address.saveAddressAs": "Save Address As *",
    "address.home": "Home",
    "address.work": "Work",
    "address.addLocation": "Add Location",
    "address.change": "Change",
    "address.housePlaceholder": "House number/flat no/floor no",
    "address.buildingPlaceholder": "Building name / area name",
    "address.cityPlaceholder": "City",
    "address.selectState": "Select state",
    "address.updateAddress": "Update Address",
    "address.confirm": "Confirm",
    "address.locationPermission": "Please Allow Location Permission to access the app features",
    "address.continue": "Continue",
    "address.selectPostalCode": "Select Postal code",
    "address.searchPostalCode": "Search Postal Code",
    "address.landmark": "Landmark(optional)",
    "address.selectPinCode": "Select Pin Code",
    "address.addressUpdated": "Address updated successfully",
    "address.addressAdded": "Address added successfully",
    "dashboard.failedBanner": "Failed to get Banner",
    "dashboard.popularServices": "Popular Services",
    "dashboard.serviceCategories": "Service Categories",
    "dashboard.expandAll": "Expand All",
    "dashboard.selectDeliveryLocation": "Select Delivery Location",
    "dashboard.addNewAddress": "Add New Address",
    "dashboard.deliveryTo": "Delivery to",
    "dashboard.change": "Change",
    "dashboard.search": "Search...",
    "serviceList.chooseAction": "Please choose an action you'd like to perform.",
    "serviceList.guestTitle": "You are guest",
    "serviceList.guestMessage": "Please Login to add item into a cart",
    "serviceList.cancel": "Cancel",
    "serviceList.login": "Login",
    "serviceList.moveMarkerToLand": "Please move your marker on land",
    "serviceList.express": "Express",
    "serviceList.addToCart": "Add To cart",
    "serviceDetails.guestTitle": "You are guest",
    "serviceDetails.guestMessage": "Please Login to add item into a cart",
    "serviceDetails.login": "Login",
    "serviceDetails.deviceDetails": "Please enter additional details about your device",
    "serviceDetails.skip": "Skip",
    "serviceDetails.brandNameLabel": "Brand Name",
    "serviceDetails.optional": "(Optional)",
    "serviceDetails.brandPlaceholder": "Add Device Made / Brand",
    "serviceDetails.modelNumberLabel": "Modal Number",
    "serviceDetails.modelPlaceholder": "Add Device Modal No.",
    "serviceDetails.descriptionLabel": "Add Description",
    "serviceDetails.descriptionPlaceholder": "Add Description here",
    "serviceDetails.uploadPhotoLabel": "Upload a photo",
    "serviceDetails.browseImage": "Browse Image",
    "serviceDetails.nextButton": "Next (Select date & time)",
    "serviceDetails.modelInfoTitle": "Locate your laptop's model no.",
    "serviceDetails.modelInfoDescription": "Check the underside of your laptop for a sticker or engraving labeled \"Model\" or \"Model No.\" Refer to the image below for guidance.",
    "serviceDetails.maxQuantityLimit": "You reach the max limit of quantity",
    "serviceDetails.userNotFound": "User not found",
    "slotSelection.title": "Select Date and Time",
    "slotSelection.description": "Please select a date and time for the technician's visit.",
    "slotSelection.selectDate": "Select a date",
    "slotSelection.selectTimeSlot": "Select a time slot",
    "slotSelection.remark": "Remark",
    "slotSelection.remarkPlaceholder": "Add remark (optional)",
    "slotSelection.confirm": "Confirm",
    "slotSelection.expressService.title": "Express service",
    "slotSelection.expressService.description": "Same day service with our express checkout option with additional service charge of",
    "slotSelection.expressService.currency": "INR",
    "slotSelection.expressService.useExpress": "Use Express Service",
    "slotSelection.expressService.removeExpress": "Remove Express Service",
    "slotSelection.timeSlots.morning": "Morning",
    "slotSelection.timeSlots.afternoon": "Afternoon",
    "slotSelection.timeSlots.evening": "Evening",
    "slotSelection.errors.fetchSlots": "Unable to fetch time slots",
    "slotSelection.errors.errorTitle": "Error",
    "slotSelection.errors.selectTime": "Unable to select time",
    "slotSelection.errors.selectTimeSlot": "Please select time slot",
    "slotSelection.errors.selectTimeFirst": "Please select time",
    "slotSelection.errors.cartNotFound": "Unable to find your cart please try again later.",
    "slotSelection.errors.selectDate": "Please select date",
    "slotSelection.errors.selectProperSlot": "Please select proper time slot",
    "slotSelection.errors.somethingWrong": "Something went wrong",
    "overview.title": "Order Overview",
    "overview.cancellationPolicy.title": "Cancellation Policy",
    "overview.cancellationPolicy.description": "You can cancel the order until it is accepted. Once the order is accepted, cancellation will no longer be possible.",
    "overview.payment.title": "Proceed To Pay",
    "overview.payment.error": "Something went wrong with the payment",
    "overview.orderDetails.title": "Order details",
    "overview.orderDetails.device": "Device",
    "overview.orderDetails.type": "Type",
    "overview.orderDetails.service": "Service",
    "overview.paymentSummary.title": "Payment Summary",
    "overview.paymentSummary.basePrice": "Base Price",
    "overview.paymentSummary.expressService": "Express Service",
    "overview.paymentSummary.tax": "Tax",
    "overview.paymentSummary.discount": "Discount",
    "overview.paymentSummary.total": "Total",
    "overview.contactDetails.title": "Contact Details",
    "overview.contactDetails.mobileNumber": "Mobile Number",
    "overview.contactDetails.name": "Name",
    "overview.contactDetails.address": "Address",
    "overview.coupons.title": "Coupons and offers",
    "overview.coupons.viewAll": "Click here to view all coupons",
    "overview.coupons.remove": "Remove",
    "overview.paymentMode.title": "Payment Mode",
    "overview.paymentMode.cashOnDelivery": "Cash On Delivery",
    "overview.paymentMode.onlinePayment": "Online Payment",
    "orderList.title": "Orders List",
    "orderList.currentOrders": "Current Orders",
    "orderList.pastOrders": "Past Orders",
    "orderList.status": "Status",
    "orderList.express": "Express",
    "orderList.cancellationRemark": "Cancellation Remark",
    "orderList.showMore": "...More",
    "orderPreview.title": "Order Preview",
    "orderPreview.orderDetails.title": "Order details",
    "orderPreview.orderDetails.jobCount": "Jobs",
    "orderPreview.orderDetails.device": "Device",
    "orderPreview.orderDetails.type": "Type",
    "orderPreview.orderDetails.service": "Service",
    "orderPreview.orderDetails.technicianVisit": "Technician Visit",
    "orderPreview.orderDetails.estimatedTime": "Estimated service time",
    "orderPreview.orderDetails.notMentioned": "Not Mentioned",
    "orderPreview.orderDetails.minutes": "min",
    "orderPreview.orderDetails.job": "Job",
    "orderPreview.paymentSummary.title": "Payment summary",
    "orderPreview.paymentSummary.basePrice": "Base price",
    "orderPreview.paymentSummary.tax": "Tax",
    "orderPreview.paymentSummary.expressService": "Express service",
    "orderPreview.paymentSummary.total": "Total",
    "orderPreview.contactDetails.title": "Contact details",
    "orderPreview.contactDetails.name": "Name",
    "orderPreview.contactDetails.mobile": "Mobile",
    "orderPreview.contactDetails.address": "Address",
    "orderPreview.policies.reschedule.title": "Reschedule policy",
    "orderPreview.policies.reschedule.description": "You can reschedule the order while it is in the pending stage. After approval, rescheduling will not be possible.",
    "orderPreview.policies.cancellation.title": "Cancellation policy",
    "orderPreview.policies.cancellation.description": "You can cancel the order until it is accepted. Once the order is accepted, cancellation will no longer be possible.",
    "orderPreview.menu.downloadInvoice": "Download Invoice",
    "orderPreview.menu.reschedule": "Reschedule",
    "orderPreview.menu.cancel": "Cancel",
    "orderPreview.orderInfo.estimatedTime": "Estimated time of service {{time}} mins",
    "orderPreview.orderInfo.disclaimer": "Disclaimer : Estimated service time is subject to change based on factors such as device condition, issue complexity, and required parts",
    "timeSlotSelection.title": "Select Date and Time",
    "timeSlotSelection.description": "Please select a date and time for the technician's visit",
    "timeSlotSelection.timeSlots.morning": "Morning",
    "timeSlotSelection.timeSlots.afternoon": "Afternoon",
    "timeSlotSelection.timeSlots.evening": "Evening",
    "timeSlotSelection.errors.fetchSlots": "Unable to fetch time slots",
    "timeSlotSelection.errors.selectTimeSlot": "Please select time slot",
    "timeSlotSelection.errors.selectTime": "Please select time",
    "timeSlotSelection.errors.cartNotFound": "Unable to find your cart please try again later",
    "timeSlotSelection.errors.selectDate": "Please select date",
    "timeSlotSelection.errors.selectProperSlot": "Please select proper time slot",
    "timeSlotSelection.errors.somethingWrong": "Something went wrong",
    "multiJobs.title": "Multi Jobs",
    "multiJobs.orderStatus": "Order status",
    "multiJobs.orderDetails.title": "Order details",
    "multiJobs.orderDetails.jobCount": "Jobs",
    "multiJobs.orderDetails.job": "Job",
    "multiJobs.orderDetails.device": "Device",
    "multiJobs.orderDetails.type": "Type",
    "multiJobs.orderDetails.service": "Service",
    "multiJobs.orderDetails.technicianVisit": "Technician Visit",
    "multiJobs.orderDetails.estimatedTime": "Estimated service time",
    "multiJobs.orderDetails.notMentioned": "Not Mentioned",
    "multiJobs.orderDetails.minutes": "min",
    "multiJobs.contactDetails.title": "Contact Details",
    "multiJobs.contactDetails.mobileNo": "Mobile no.",
    "multiJobs.contactDetails.name": "Name",
    "multiJobs.contactDetails.address": "Address",
    "multiJobs.policies.reschedule.title": "Reschedule policy",
    "multiJobs.policies.reschedule.description": "You can reschedule the order while it is in the pending stage. After approval, rescheduling will not be possible.",
    "multiJobs.policies.cancellation.title": "Cancellation policy",
    "multiJobs.policies.cancellation.description": "You can cancel the order until it is accepted. Once the order is accepted, cancellation will no longer be possible.",
    "jobDetails.title": "Job Details",
    "jobDetails.jobNumber": "Job Number",
    "jobDetails.jobStatus": "Job status",
    "jobDetails.technicianDetails": "Technician details",
    "jobDetails.technicianNote": "Replies may be delayed as the technician is on the road.",
    "jobDetails.details.title": "Job details",
    "jobDetails.details.device": "Device",
    "jobDetails.details.type": "Type",
    "jobDetails.details.service": "Service",
    "jobDetails.details.technicianVisit": "Technician Visit",
    "jobDetails.details.estimatedTime": "Estimated service time",
    "jobDetails.details.notMentioned": "Not Mentioned",
    "jobDetails.details.minutes": "min",
    "jobDetails.partPayment.title": "Part Payment",
    "jobDetails.partPayment.description": "Our technician has done the job!\nPlease make the part's payment to complete the order.",
    "jobDetails.partDetails.title": "Part Details",
    "jobDetails.partDetails.labels.part": "Part",
    "jobDetails.partDetails.labels.type": "Type",
    "jobDetails.partDetails.labels.quantity": "Quantity",
    "jobDetails.partDetails.labels.price": "Price",
    "jobDetails.partDetails.note": "You will receive the invoice once the order is completed.",
    "jobDetails.partDetails.buttons.accept": "Accept",
    "jobDetails.partDetails.buttons.deny": "Deny",
    "jobDetails.feedback.title": "Rate Us",
    "jobDetails.feedback.description": "Please rate your experience with our service",
    "jobDetails.feedback.serviceRating": "Service Rating",
    "jobDetails.feedback.technicianRating": "Technician Rating",
    "jobDetails.feedback.comment": "Comment",
    "jobDetails.feedback.technicianName": "Technician Name",
    "jobDetails.feedback.technicianMobile": "Technician Mobile",
    "cancelOrder.title": "Order Details",
    "cancelOrder.selectReason": "Select reason for cancellation",
    "cancelOrder.reasonDescription": "Before canceling your service request, please select a reason for cancellation from the options below.",
    "cancelOrder.comment.placeholder": "Describe a problem/comment",
    "cancelOrder.buttons.cancel": "Cancel Order",
    "cancelOrder.buttons.confirm": "Confirm",
    "cancelOrder.modal.title": "Do you want to cancel the order?",
    "cart.title": "Cart",
    "cart.guestUser.title": "You are guest",
    "cart.guestUser.message": "Please Login to add item into a cart",
    "cart.guestUser.cancel": "Cancel",
    "cart.guestUser.login": "Login",
    "cart.buttons.checkout": "Check Out",
    "cart.coupons.title": "Coupons",
    "cart.coupons.input.placeholder": "Input coupon code",
    "cart.coupons.buttons.apply": "Apply",
    "cart.coupons.empty.title": "No Coupons Available",
    "cart.coupons.empty.message": "There are no active coupons available at the moment. Check back later for new offers!",
    "cart.coupons.discount.percentOff": "{{value}}% OFF",
    "cart.coupons.discount.amountOff": "₹{{value}} OFF",
    "search.title": "Search",
    "search.input.placeholder": "Type at least 3 characters...",
    "search.buttons.search": "Search",
    "search.alerts.invalid.title": "Invalid",
    "search.alerts.invalid.message": "Please type at least 3 characters",
    "search.alerts.error.title": "Error",
    "paymentSummary.title": "Payment Summary",
    "paymentSummary.labels.subTotal": "Sub Total",
    "paymentSummary.labels.tax": "Tax",
    "paymentSummary.labels.total": "Total",
    "paymentSummary.labels.partTotal": "Part Total",
    "paymentSummary.labels.serviceTotal": "Service Total",
    "paymentSummary.labels.grandTotal": "Grand Total",
    "paymentSummary.labels.part": "Part",
    "paymentSummary.labels.type": "Type",
    "paymentSummary.labels.quantity": "Quantity",
    "paymentSummary.labels.price": "Price",
    "paymentSummary.buttons.proceed": "Proceed to Pay",
    "paymentSummary.buttons.cancel": "Cancel",
    "paymentSummary.payment.description": "Payment for order parts",
    "paymentSummary.payment.errors.default": "Something went wrong with the payment",
    "paymentSummary.payment.errors.cancelled": "Payment was cancelled",
    "paymentSummary.payment.errors.network": "Network error occurred. Please try again",
    "paymentSummary.payment.errors.success": "Transaction success",
    "paymentSummary.payment.errors.failed": "Transaction failed",
    "rescheduleOrder.title": "Reschedule order",
    "rescheduleOrder.selectReason": "Select reason for rescheduling",
    "rescheduleOrder.input.placeholder": "Describe a problem/comment",
    "rescheduleOrder.buttons.next": "Next (Select date & time)",
    "rescheduleOrder.alerts.noReason": "Before rescheduling your order, please select a reason from the options below.",
    "chat.input.placeholder": "Message",
    "chat.buttons.camera": "Camera",
    "chat.buttons.video": "Video",
    "chat.buttons.gallery": "Gallery",
    "chat.buttons.cancel": "Cancel",
    "chat.buttons.send": "Send",
    "chat.confirmation.message": "Are you sure you want to send this?",
    "chat.alerts.emptyMessage": "Message can't be empty",
    "chat.alerts.errors.uploadFailed": "Upload failed",
    "chat.alerts.errors.userCancelled": "User cancelled media picker",
    "chat.alerts.errors.pickingError": "Error picking media:",
    "chat.messages.empty": "No messages yet",
    "menu.common.back": "Back",
    "menu.mainMenu.profile.logout": "Logout",
    "menu.profile.title": "Your profile",
    "menu.profile.labels.name": "Name",
    "menu.profile.labels.mobile": "Mobile",
    "menu.profile.labels.email": "Email",
    "menu.profile.buttons.update": "Update profile",
    "menu.addressBook.title": "Saved Addresses",
    "menu.addressBook.labels.defaultAddress": "Default Address",
    "menu.addressBook.labels.addNew": "+ Add another address",
    "menu.addressBook.buttons.useAddress": "Use This Address",
    "menu.addressBook.alerts.fetchError": "Failed to fetch addresses",
    "menu.addressBook.alerts.defaultError": "Failed to make default address",
    "menu.settings.title": "Settings",
    "menu.settings.items.language": "Language settings",
    "menu.settings.items.about": "About",
    "menu.language.title": "Language settings",
    "menu.language.alerts.fetchError": "Failed to fetch languages",
    "menu.language.alerts.error": "Error fetching languages",
    "menu.about.title": "About",
    "menu.about.items.terms": "Terms of Service",
    "menu.about.items.licenses": "Licenses",
    "menu.notification.title": "Notification",
    "menu.notification.labels.pockitNotification": "PockIT Notification",
    "menu.notification.alerts.disabled.title": "Notifications Disabled",
    "menu.notification.alerts.disabled.message": "You won't receive notifications.",
    "menu.helpSupport.title": "Help & Support",
    "menu.helpSupport.sections.faq": "FAQs",
    "menu.helpSupport.buttons.contact": "Contact Us",
    "menu.payment.title": "Payments",
    "menu.payment.sections.upi": "UPI",
    "menu.payment.sections.cards": "Cards",
    "menu.payment.sections.cash": "Cash",
    "menu.payment.buttons.addUpi": "Add new UPI ID",
    "menu.payment.buttons.addCard": "Add card",
    "menu.payment.buttons.addCash": "Add",
    "menu.terms.title": "Terms Of Service",
    "menu.licenses.title": "Licenses",
    "knowledgeBase.title": "Knowledge Base",
    "myOrders.title": "My Orders",
    "footer.contactUs": "ContactcUs",
    "footer.blogs": "blogs",
    "footer.privacyPolicy": "Privacy Policy",
    "footer.termsAndConditions": "Terms And Conditions",
    "footer.aboutUs": "About Us",
    "shop.PopularBrands": "Popular Brands"
  },
  "servicejson": { 
    "service_details": "Service Details",
    "selected_service": "Selected Service",
    "enter_details": "Please enter additional details about your device.",
    "base_price": "Base price",
    "sla": "SLA",
    "estimate_time": "Estimate Time",
    "quantity": "Qty.",
    "brand_name": "Brand Name",
    "optional": "(Optional)",
    "model_number": "Model Number",
    "upload_photo": "Upload a Photo",
    "browse_photo": "Browse photo",
    "add_description": "Add a Description",
    "enter_description": "Enter description",
    "back": "Back" ,
    "remove_from_cart": "Remove from Cart",
    "add_to_cart": "Add to Cart",
    "processing": "Processing",
    "go_to_cart": "Go to Cart",
    "next": "Next",
    "select_address_slot": "Select Address and Slot",
    "enter_model_number": "Enter Model Number",
    "enter_brand_name": "Enter Brand Name"
  },
  "home": {
    "popular_services": "Popular Services",
    "view_all_services": "View All Services",
    "service_categories": "Service Categories",
    "express_service": "Express Service",
    "express_service_desc": "Same day service with our express checkout option with an additional charge of",
    "remove_express_service": "Remove Express Service",
    "use_express_service": "Use Express Service",
    "select_date_time": "Please select a date and time for the technician's visit",
    "select_date": "Select a date",
    "select_time_slot": "Select a time slot",
    "no_slots_available": "No time slots are available for the selected date.",
    "remarks": "Remarks",
    "remarks_placeholder": "ex. Please visit at 10 am.",
    "confirm": "Confirm",
    "reviews": "Reviews",
    "fetching_reviews": "Fetching reviews...",
    "no_reviews": "No reviews available.",
    "guest_title": "You are a Guest",
    "guest_message": "Please login to add an item to your cart and enjoy seamless service.",
    "cancel": "Cancel",
    "login": "Login",
    "how_to_find_model": "How to Find Model Number",
    "model_number_guide": "Check the underside of your laptop for a sticker or engraving labeled 'Model' or 'Model No.' Refer to the image below for guidance.",
    "how_to_upload_photo": "How to Upload a Photo",
    "upload_photo_guide": "Make sure the photo clearly shows your device details.",
    "selected_category": "Selected category",
    "select_service_type": "Please select the service type.",
    "loading": "Loading...",
    "selected_service": "Selected Service",
    "device_type": "Device Type",
    "choose_action": "Please choose an action you'd like to perform.",
    "base_price": "Base price",
    "estimate_time": "Estimate Time",
    "qty": "Qty",
    "view_reviews": "View reviews",
    "back": "Back",
    "service_details": "Service Details",
    "select_address": "Select Address",
    "add_address": "Add Address",
    "select": "Select",
    "edit": "Edit",
    "delete": "Delete",
    "address_line": "Address Line",
    "district": "District",
    "pincode": "Pincode",
    "name": "Name",
    "phone": "Phone",
    "email": "Email",
    "save": "Save",
    "update": "Update",
    "close": "Close",
    "address_saved": "Address saved successfully",
    "address_updated": "Address updated successfully",
    "address_deleted": "Address deleted successfully",
    "error_saving": "Error saving address",
    "error_updating": "Error updating address",
    "error_deleting": "Error deleting address",
    "confirm_delete": "Are you sure you want to delete this address?",
    "yes": "Yes",
    "no": "No",
    "time_slots": {
      "morning": "Morning",
      "afternoon": "Afternoon",
      "evening": "Evening"
    },
    "address_modal": {
      "title": "Select Address",
      "add_new": "Add New Address",
      "edit": "Edit Address",
      "delete": "Delete Address",
      "confirm": "Confirm",
      "cancel": "Cancel"
    },
    "service_card": {
      "base_price": "Base price",
      "estimate_time": "Estimate Time",
      "qty": "Qty",
      "view_reviews": "View reviews",
      "add_to_cart": "Add to Cart",
      "remove_from_cart": "Remove from Cart",
      "processing": "Processing"
    },
    "reviews_modal": {
      "title": "Reviews",
      "loading": "Fetching reviews...",
      "no_reviews": "No reviews available.",
      "rating": "Rating",
      "comment": "Comment"
    },
    "guest_modal": {
      "title": "You are a Guest",
      "message": "Please login to add an item to your cart and enjoy seamless service.",
      "cancel": "Cancel",
      "login": "Login"
    },
    "service_drawer": {
      "title": "Service Drawer",
      "select_service_type": "Please select the service type",
      "loading": "Loading...",
      "back": "Back",
      "selected_category": "Selected category",
      "device_list": "List of Devices",
      "no_devices": "No devices available"
    },
    "service_categories": {
      "title": "Service Categories",
      "popular_services": "Popular Services",
      "view_all": "View All Services",
      "loading": "Loading categories...",
      "no_categories": "No categories available"
    },
    "service_details": {
      "title": "Service Details",
      "selected_service": "Selected Service",
      "device_type": "Device Type",
      "choose_action": "Please choose an action you'd like to perform",
      "loading": "Loading service details...",
      "no_details": "No details available"
    },
    "address_slot": {
      "title": "Select Address and Slot",
      "select_address": "Select Address",
      "add_new_address": "Add New Address",
      "edit_address": "Edit Address",
      "confirm": "Confirm",
      "back": "Back",
      "loading": "Loading addresses..."
    },
    "service_card": {
      "base_price": "Base price",
      "estimate_time": "Estimate Time",
      "qty": "Qty",
      "view_reviews": "View reviews",
      "add_to_cart": "Add to Cart",
      "remove_from_cart": "Remove from Cart",
      "processing": "Processing",
      "go_to_cart": "Go to Cart"
    },
    "reviews": {
      "title": "Reviews",
      "loading": "Fetching reviews...",
      "no_reviews": "No reviews available",
      "rating": "Rating",
      "comment": "Comment",
      "view_all": "View all reviews"
    },
    "guest_modal": {
      "title": "You are a Guest",
      "message": "Please login to add an item to your cart and enjoy seamless service",
      "cancel": "Cancel",
      "login": "Login"
    },
    "loading": {
      "services": "Loading services...",
      "categories": "Loading categories...",
      "addresses": "Loading addresses...",
      "reviews": "Loading reviews..."
    },
    "errors": {
      "load_failed": "Failed to load data",
      "try_again": "Please try again",
      "no_data": "No data available"
    }
  },
  "service": {
    "title": "Services",
    "loading": "Loading...",
    "no_data": "No Data Available",
    "load_more": "Load More",
    "base_price": "Base price",
    "estimate_time": "Estimate Time",
    "sla": "SLA",
    "cancel": "Cancel",
    "select": "Select",
    "guest": {
      "title": "You are a Guest",
      "message": "Please login to add an item to your cart and enjoy seamless service.",
      "cancel": "Cancel",
      "login": "Login"
    },
    "service_details": "Service Details",
    "view_reviews": "View reviews",
    "no_reviews": "No reviews available",
    "fetching_reviews": "Fetching reviews...",
    "categories": {
      "title": "Categories",
      "loading": "Loading categories...",
      "no_categories": "No categories available"
    },
    "modal": {
      "close": "Close",
      "select": "Select",
      "base_price": "Base price",
      "estimate_time": "Estimate Time",
      "sla": "SLA"
    },
    "drawer": {
      "title": "Service Details",
      "loading": "Loading...",
      "back": "Back"
    }
  },
  "order_review": {
    "title": "Order Review",
    "loading": "Loading...",
    "order_id": "Order ID",
    "details": "Details",
    "sla": "SLA",
    "estimate_time": "Estimate Time",
    "device": "Device",
    "service": "Service",
    "quantity": "Quantity",
    "contact_details": {
      "title": "Contact Details",
      "mobile_number": "Mobile Number",
      "name": "Name",
      "address": "Address"
    },
    "coupons": {
      "title": "Coupons & Offers",
      "applied": "Coupon Applied",
      "discount": "Discount",
      "remove": "Remove",
      "view_all": "Click here to view all coupons",
      "no_coupons": "No Coupons Available",
      "no_coupons_message": "There are no active coupons at the moment. Check back later for new offers!"
    },
    "cancellation_policy": {
      "title": "Cancellation Policy",
      "description": "You can cancel the order until it is accepted. Once the order is accepted, cancellation will no longer be possible."
    },
    "payment_summary": {
      "title": "Payment Summary",
      "base_price": "Base Price",
      "tax": "Tax",
      "express_service": "Express Service",
      "discount": "Discount (Coupon Applied)",
      "total": "Total"
    },
    "payment_mode": {
      "title": "Select Payment Mode",
      "cash_on_delivery": "Cash on Delivery",
      "online_payment": "Online Payment",
      "proceed_to_pay": "Proceed to Pay"
    },
    "coupon_modal": {
      "search_placeholder": "Search coupons...",
      "apply": "Apply",
      "no_coupons": "No Coupons Available"
    }
  },
  "order_details": {
    "title": "Order Details",
    "loading": "Loading...",
    "order_id": "Order ID",
    "order_details": "Order Details",
    "order_status": "Order Status",
    "no_status_available": "No Status Available",
    "no_status_history_available": "No status history available",
    "device": "Device",
    "type": "Type",
    "service": "Service",
    "priority": "Priority",
    "high_priority": "High (Express service)",
    "technician_visit": "Technician Visit",
    "estimated_service_time": "Estimated Service Time",
    "minutes": "Min",
    "not_mentioned": "Not Mentioned",
    "contact_details": "Contact Details",
    "mobile_number": "Mobile Number",
    "name": "Name",
    "address": "Address",
    "reschedule_policy": "Reschedule Policy",
    "reschedule_policy_description": "You can reschedule the order while it is in the pending stage. After approval, rescheduling will not be possible.",
    "cancellation_policy": "Cancellation Policy",
    "cancellation_policy_description": "You can cancel the order until it is accepted. Once the order is accepted, cancellation will no longer be possible.",
    "order_rejected": "Order Rejected",
    "order_accepted": "Order Accepted",
    "cancellation_rejected": "Cancellation Rejected",
    "no_remark_provided": "No remark provided",
    "cancellation_rejected_without_remark": "Cancellation rejected without remark",
    "number_of_jobs": "Number of jobs",
    "no_parts_available": "No parts available",
    "technician_done_job": "Our technician has done the job!",
    "please_make_part": "Please make the part's payment to complete the order.",
    "select_payment_mode": "Select Payment Mode",
    "proceed_to_pay": "Proceed to Pay",
    "replies_may_be_delayed": "Replies may be delayed as the technician is on the road.",
    "reschedule": "Reschedule",
    "cancel": "Cancel",
    "download_invoice": "Download Invoice",
    "cancel_order": "Cancel Order",
    "select_cancellation_reason": "Select reason for cancellation",
    "describe_problem": "Describe a problem/comment",
    "confirm_cancellation": "Confirm Cancellation",
    "confirm_cancel_message": "Are you sure you want to cancel the order?",
    "no": "No",
    "yes_cancel": "Yes, Cancel",
    "reschedule_order": "Reschedule Order",
    "select_reschedule_reason": "Select reason for rescheduling",
    "next_select_date_time": "Next (Select date & time)",
    "select_date_slot": "Select Date and Slot"
  }
}
