{
    
    "demo" :
{
    "header.shop": "शॉप",
    "header.services": "सेवा",
    "viewall.services": "सर्व सेवा पहा",
    "splash.newVersionAvailable": "नवीन आवृत्ती उपलब्ध आहे",
    "splash.pleaseUpdate": "नवीन आवृत्ती उपलब्ध आहे कृपया अपडेट करा",
    "splash.remindLater": "नंतर आठवण करा",
    "splash.update": "अद्यतन करा",
    "splash.poweredBy": "संचालित आहे",
    "splash.companyName": "GTT डेटा सोल्यूशन्स",
    "splash.errorFound": "त्रुटी आढळली",
    "splash.ok": "ठीक आहे",
    "splash.systemError": "आपल्या असुविधेसाठी दिलगीर आहोत",
    "login.welcome": "PockIT मध्ये स्वागत आहे!",
    "login.loginTitle": "लॉगिन करा",
    "login.emailMobilePlaceholder": "ईमेल आयडी किंवा मोबाइल नंबर प्रविष्ट करा",
    "login.emailMobileLabel": "ईमेल किंवा मोबाइल नंबर",
    "login.mobileLabel": "मोबाइल नंबर",
    "login.emailLabel": "ईमेल",
    "login.loginButton": "लॉगिन करा",
    "login.noAccount": "खाता नाही का? ",
    "login.register": "नोंदणी करा",
    "login.continueGuest": "अतिथी म्हणून सुरू ठेवा",
    "login.verificationCode": "प्रमाणीकरण कोड प्रविष्ट करा",
    "login.verificationMessage": "आम्ही आपल्याला ४ अंकी प्रमाणीकरण कोड पाठवला आहे",
    "login.dontReceiveCode": "कोड मिळाला नाही?",
    "login.resendOTP": "OTP पुन्हा पाठवा",
    "login.changeNumber": "नंबर बदला",
    "login.changeEmail": "ईमेल बदल",
    "login.verify": "सत्यापित करा",
    "login.mobileError": "कृपया वैध मोबाइल नंबर प्रविष्ट करा",
    "login.emailError": "कृपया वैध ईमेल आयडी प्रविष्ट करा",
    "login.emailMobileError": "कृपया ईमेल किंवा मोबाइल नंबर प्रविष्ट करा",
    "registration.welcome": "PockIT मध्ये स्वागत आहे!",
    "registration.registerTitle": "नोंदणी करा",
    "registration.nameLabel": "नाव",
    "registration.namePlaceholder": "पूर्ण नाव प्रविष्ट करा*",
    "registration.nameError": "कृपया वैध वर्ण प्रविष्ट करा",
    "registration.mobileLabel": "मोबाइल नंबर",
    "registration.mobilePlaceholder": "उदा. ९९९९ ९९९९*",
    "registration.emailLabel": "ईमेल",
    "registration.emailPlaceholder": "उदा. abcd@xyz.com",
    "registration.registerButton": "नोंदणी करा",
    "registration.haveAccount": "आधीच खाता आहे? ",
    "registration.login": "लॉगिन करा",
    "registration.validationErrors.nameRequired": "कृपया आपले नाव प्रविष्ट करा",
    "registration.validationErrors.nameEmpty": "नाव रिकामे नसावे",
    "registration.validationErrors.mobileRequired": "कृपया मोबाइल नंबर प्रविष्ट करा",
    "registration.validationErrors.mobileInvalid": "कृपया वैध मोबाइल नंबर प्रविष्ट करा",
    "registration.validationErrors.emailRequired": "कृपया ईमेल आयडी प्रविष्ट करा",
    "registration.validationErrors.emailInvalid": "कृपया वैध ईमेल आयडी प्रविष्ट करा",
    "registration.validationErrors.systemError": "काहीतरी चुकले",
    "address.editTitle": "पत्त्याचे तपशील संपादित करा",
    "address.addTitle": "पत्ता तपशील प्रविष्ट करा",
    "address.contactPersonDetails": "संपर्क व्यक्ती तपशील",
    "address.saveAddressAs": "पत्ता जतन करा*",
    "address.home": "घर",
    "address.work": "काम",
    "address.addLocation": "स्थान जोडा",
    "address.change": "बदल करा",
    "address.housePlaceholder": "घर क्रमांक/फ्लॅट नंबर/मजला नंबर",
    "address.buildingPlaceholder": "बिल्डिंग नाव / क्षेत्र नाव",
    "address.cityPlaceholder": "सिटी",
    "address.selectState": "राज्य निवडा",
    "address.updateAddress": "पत्ता अद्यतनित करा",
    "address.confirm": "पुष्टी करा",
    "address.locationPermission": "अ‍ॅप वैशिष्ट्यांसाठी स्थान परवानगी द्या",
    "address.continue": "सुरू ठेवा",
    "address.selectPostalCode": "पिनकोड निवडा",
    "address.searchPostalCode": "पिनकोड शोधा",
    "address.landmark": "लँडमार्क (ऐच्छिक)",
    "address.selectPinCode": "पिनकोड निवडा",
    "address.addressUpdated": "पत्ता यशस्वीरित्या अद्यतनित",
    "address.addressAdded": "पत्ता यशस्वीरित्या जोडला",
    "dashboard.failedBanner": "बॅनर मिळवण्यात अयशस्वी",
    "dashboard.popularServices": "लोकप्रिय सेवा",
    "dashboard.serviceCategories": "सेवा श्रेण्या",
    "dashboard.expandAll": "सर्व विस्तार करा",
    "dashboard.selectDeliveryLocation": "वितरण स्थान निवडा",
    "dashboard.addNewAddress": "नवीन पत्ता जोडा",
    "dashboard.deliveryTo": "वितरण करा",
    "dashboard.change": "बदल करा",
    "dashboard.search": "शोधा...",
    "serviceList.chooseAction": "कृपया आपण कोणती क्रिया पार पाडू इच्छिता ते निवडा.",
    "serviceList.guestTitle": "आपण अतिथी आहात",
    "serviceList.guestMessage": "कृपया लॉगिन करा जेणेकरून आयटम कार्टमध्ये जोडू शकाल",
    "serviceList.cancel": "रद्द करा",
    "serviceList.login": "लॉगिन करा",
    "serviceList.moveMarkerToLand": "कृपया आपल्या चिन्हाचे ठिकाण जमिनीवर हलवा",
    "serviceList.express": "तत्काळ",
    "serviceList.addToCart": "कार्टमध्ये जोडा",
    "serviceDetails.guestTitle": "आपण अतिथी आहात",
    "serviceDetails.guestMessage": "कृपया लॉगिन करा जेणेकरून आयटम कार्टमध्ये जोडू शकाल",
    "serviceDetails.login": "लॉगिन करा",
    "serviceDetails.deviceDetails": "कृपया आपल्या डिव्हाइससंबंधी अतिरिक्त तपशील प्रविष्ट करा",
    "serviceDetails.skip": "कसतं",
    "serviceDetails.brandNameLabel": "ब्रँड नाव",
    "serviceDetails.optional": "(ऐच्छिक)",
    "serviceDetails.brandPlaceholder": "डिव्हाइसचे ब्रँड/निर्मिती",
    "serviceDetails.modelNumberLabel": "मॉडेल नंबर",
    "serviceDetails.modelPlaceholder": "डिव्हाइस मॉडेल नंबर प्रविष्ट करा",
    "serviceDetails.descriptionLabel": "वर्णन जोडा",
    "serviceDetails.descriptionPlaceholder": "वर्णन येथे जोडा",
    "serviceDetails.uploadPhotoLabel": "फोटो अपलोड करा",
    "serviceDetails.browseImage": "प्रतिमा ब्राउझ करा",
    "serviceDetails.nextButton": "पुढे (तारीख आणि वेळ निवडा)",
    "serviceDetails.modelInfoTitle": "आपल्या लॅपटॉपचा मॉडेल नंबर शोधा",
    "serviceDetails.modelInfoDescription": "आपल्या लॅपटॉपच्या तळाशी 'मॉडेल' किंवा 'मॉडेल नंबर' या लेबलबद्दल एक स्टिकर किंवा उकेरून तपासा.",
    "serviceDetails.maxQuantityLimit": "आपण प्रमाणित करण्याची जास्तीत जास्त मर्यादा गाठली आहे",
    "serviceDetails.userNotFound": "वापरकर्ता आढळला नाही",
    "slotSelection.title": "तारीख आणि वेळ निवडा",
    "slotSelection.description": "कृपया तंत्रज्ञाच्या भेटीसाठी तारीख आणि वेळ निवडा.",
    "slotSelection.selectDate": "तारीख निवडा",
    "slotSelection.selectTimeSlot": "वेळ स्लॉट निवडा",
    "slotSelection.remark": "टीकाटिप्पणी",
    "slotSelection.remarkPlaceholder": "टीकाटिप्पणी जोडा (ऐच्छिक)",
    "slotSelection.confirm": "पुष्टी करा",
    "slotSelection.expressService.title": "तत्काळ सेवा",
    "slotSelection.expressService.description": "आमच्या तत्काळ चेकआउट पर्यायासह एकाच दिवशी सेवा, ज्यामध्ये अतिरिक्त सेवा शुल्क लागू आहे",
    "slotSelection.expressService.currency": "INR",
    "slotSelection.expressService.useExpress": "तत्काळ सेवा वापरा",
    "slotSelection.expressService.removeExpress": "तत्काळ सेवा काढा",
    "slotSelection.timeSlots.morning": "सकाळ",
    "slotSelection.timeSlots.afternoon": "दुपार",
    "slotSelection.timeSlots.evening": "संध्याकाळ",
    "slotSelection.errors.fetchSlots": "वेळ स्लॉट मिळवण्यात अयशस्वी",
    "slotSelection.errors.errorTitle": "त्रुटी",
    "slotSelection.errors.selectTime": "वेळ निवडण्यात अयशस्वी",
    "slotSelection.errors.selectTimeSlot": "कृपया वेळ स्लॉट निवडा",
    "slotSelection.errors.selectTimeFirst": "कृपया वेळ निवडा",
    "slotSelection.errors.cartNotFound": "आपले कार्ट सापडले नाही कृपया पुन्हा प्रयत्न करा.",
    "slotSelection.errors.selectDate": "कृपया तारीख निवडा",
    "slotSelection.errors.selectProperSlot": "कृपया योग्य वेळ स्लॉट निवडा",
    "slotSelection.errors.somethingWrong": "काहीतरी चुकले",
    "overview.title": "ऑर्डर समालोचन",
    "overview.cancellationPolicy.title": "रद्द करण्याची धोरण",
    "overview.cancellationPolicy.description": "तुम्ही ऑर्डर स्वीकारण्यापूर्वी रद्द करू शकता. एकदा ऑर्डर स्वीकारली गेली की, रद्द करणे शक्य होणार नाही.",
    "overview.payment.title": "पैसे भरण्यासाठी पुढे जा",
    "overview.payment.error": "पेमेंटमध्ये काहीतरी चुकीचे झाले",
    "overview.orderDetails.title": "ऑर्डर तपशील",
    "overview.orderDetails.device": "यंत्र",
    "overview.orderDetails.type": "प्रकार",
    "overview.orderDetails.service": "सेवा",
    "overview.paymentSummary.title": "पेमेंट सारांश",
    "overview.paymentSummary.basePrice": "आधार किंमत",
    "overview.paymentSummary.expressService": "एक्सप्रेस सेवा",
    "overview.paymentSummary.tax": "कर",
    "overview.paymentSummary.discount": "सवलत",
    "overview.paymentSummary.total": "एकूण",
    "overview.contactDetails.title": "संपर्क तपशील",
    "overview.contactDetails.mobileNumber": "मोबाईल नंबर",
    "overview.contactDetails.name": "नाव",
    "overview.contactDetails.address": "पत्ता",
    "overview.coupons.title": "कूपन्स आणि ऑफर्स",
    "overview.coupons.viewAll": "सर्व कूपन्स पाहण्यासाठी येथे क्लिक करा",
    "overview.coupons.remove": "काढा",
    "overview.paymentMode.title": "पेमेंट मोड",
    "overview.paymentMode.cashOnDelivery": "पेडी-ऑन-डिलिव्हरी",
    "overview.paymentMode.onlinePayment": "ऑनलाइन पेमेंट",
    "orderList.title": "ऑर्डर्स सूची",
    "orderList.currentOrders": "चालू ऑर्डर्स",
    "orderList.pastOrders": "भूतपूर्व ऑर्डर्स",
    "orderList.status": "स्थिती",
    "orderList.express": "एक्सप्रेस",
    "orderList.cancellationRemark": "रद्द करण्याची टिप्पणी",
    "orderList.showMore": "...अधिक",
    "orderPreview.title": "ऑर्डर पूर्वावलोकन",
    "orderPreview.orderDetails.title": "ऑर्डर तपशील",
    "orderPreview.orderDetails.jobCount": "काम",
    "orderPreview.orderDetails.device": "यंत्र",
    "orderPreview.orderDetails.type": "प्रकार",
    "orderPreview.orderDetails.service": "सेवा",
    "orderPreview.orderDetails.technicianVisit": "तंत्रज्ञ भेट",
    "orderPreview.orderDetails.estimatedTime": "अनुमानित सेवा वेळ",
    "orderPreview.orderDetails.notMentioned": "नाही उल्लेखित",
    "orderPreview.orderDetails.minutes": "मिनिट",
    "orderPreview.paymentSummary.title": "पेमेंट सारांश",
    "orderPreview.paymentSummary.basePrice": "आधार किंमत",
    "orderPreview.paymentSummary.tax": "कर",
    "orderPreview.paymentSummary.expressService": "एक्सप्रेस सेवा",
    "orderPreview.paymentSummary.total": "एकूण",
    "orderPreview.contactDetails.title": "संपर्क तपशील",
    "orderPreview.contactDetails.name": "नाव",
    "orderPreview.contactDetails.mobile": "मोबाइल",
    "orderPreview.contactDetails.address": "पत्ता",
    "orderPreview.policies.reschedule.title": "पुन्हा वेळ ठरवण्याची धोरण",
    "orderPreview.policies.reschedule.description": "तुम्ही ऑर्डर प्रलंबित असताना पुन्हा वेळ ठरवू शकता. एकदा मंजूर झाल्यानंतर पुन्हा वेळ ठरवणे शक्य होणार नाही.",
    "orderPreview.policies.cancellation.title": "रद्द करण्याची धोरण",
    "orderPreview.policies.cancellation.description": "तुम्ही ऑर्डर स्वीकारण्यापूर्वी रद्द करू शकता. एकदा ऑर्डर स्वीकारली गेली की, रद्द करणे शक्य होणार नाही.",
    "orderPreview.menu.downloadInvoice": "चलन डाउनलोड करा",
    "orderPreview.menu.reschedule": "पुन्हा वेळ ठरवा",
    "orderPreview.menu.cancel": "ऑर्डर रद्द करा",
    "orderPreview.orderInfo.estimatedTime": "सेवा कालावधी अनुमानित वेळ {{time}} मिनिट",
    "orderPreview.orderInfo.disclaimer": "अस्वीकरण : सेवा वेळ उपकरणाच्या स्थिती, समस्येच्या जटिलतेनुसार आणि आवश्यक भागांच्या आधारावर बदलू शकतो",
    "timeSlotSelection.title": "तारीख आणि वेळ निवडा",
    "timeSlotSelection.description": "कृपया तंत्रज्ञांच्या भेटीची तारीख आणि वेळ निवडा",
    "timeSlotSelection.timeSlots.morning": "सकाळ",
    "timeSlotSelection.timeSlots.afternoon": "दुपार",
    "timeSlotSelection.timeSlots.evening": "संध्याकाळ",
    "timeSlotSelection.errors.fetchSlots": "वेळ स्लॉट मिळवता येत नाही",
    "timeSlotSelection.errors.selectTimeSlot": "कृपया वेळ स्लॉट निवडा",
    "timeSlotSelection.errors.selectTime": "कृपया वेळ निवडा",
    "timeSlotSelection.errors.cartNotFound": "तुमचा कार्ट सापडत नाही, कृपया पुन्हा प्रयत्न करा",
    "timeSlotSelection.errors.selectDate": "कृपया तारीख निवडा",
    "timeSlotSelection.errors.selectProperSlot": "कृपया योग्य वेळ स्लॉट निवडा",
    "timeSlotSelection.errors.somethingWrong": "काहीतरी चुकीचे झाले",
    "multiJobs.title": "बहु काम",
    "multiJobs.orderStatus": "ऑर्डर स्थिती",
    "multiJobs.orderDetails.title": "ऑर्डर तपशील",
    "multiJobs.orderDetails.jobCount": "काम",
    "multiJobs.orderDetails.job": "काम",
    "multiJobs.orderDetails.device": "यंत्र",
    "multiJobs.orderDetails.type": "प्रकार",
    "multiJobs.orderDetails.service": "सेवा",
    "multiJobs.orderDetails.technicianVisit": "तंत्रज्ञ भेट",
    "multiJobs.orderDetails.estimatedTime": "अनुमानित सेवा वेळ",
    "multiJobs.orderDetails.notMentioned": "नाही उल्लेखित",
    "multiJobs.orderDetails.minutes": "मिनिट",
    "multiJobs.contactDetails.title": "संपर्क तपशील",
    "multiJobs.contactDetails.mobileNo": "मोबाईल नंबर",
    "multiJobs.contactDetails.name": "नाव",
    "multiJobs.contactDetails.address": "पत्ता",
    "multiJobs.policies.reschedule.title": "पुन्हा वेळ ठरवण्याची धोरण",
    "multiJobs.policies.reschedule.description": "तुम्ही ऑर्डर प्रलंबित असताना पुन्हा वेळ ठरवू शकता. एकदा मंजूर झाल्यानंतर पुन्हा वेळ ठरवणे शक्य होणार नाही.",
    "multiJobs.policies.cancellation.title": "रद्द करण्याची धोरण",
    "multiJobs.policies.cancellation.description": "तुम्ही ऑर्डर स्वीकारण्यापूर्वी रद्द करू शकता. एकदा ऑर्डर स्वीकारली गेली की, रद्द करणे शक्य होणार नाही.",
    "jobDetails.title": "काम तपशील",
    "jobDetails.jobNumber": "काम क्रमांक",
    "jobDetails.jobStatus": "काम स्थिती",
    "jobDetails.technicianDetails": "तंत्रज्ञ तपशील",
    "jobDetails.technicianNote": "तंत्रज्ञ रस्त्यावर असल्याने उत्तर विलंब होऊ शकतात.",
    "jobDetails.details.title": "काम तपशील",
    "jobDetails.details.device": "यंत्र",
    "jobDetails.details.type": "प्रकार",
    "jobDetails.details.service": "सेवा",
    "jobDetails.details.technicianVisit": "तंत्रज्ञ भेट",
    "jobDetails.details.estimatedTime": "अनुमानित सेवा वेळ",
    "jobDetails.details.notMentioned": "नाही उल्लेखित",
    "jobDetails.details.minutes": "मिनिट",
    "jobDetails.partPayment.title": "भाग पेमेंट",
    "jobDetails.partPayment.description": "आमच्या तंत्रज्ञांनी काम केले आहे! कृपया भागाचा पेमेंट पूर्ण करण्यासाठी करा.",
    "jobDetails.partDetails.title": "भाग तपशील",
    "jobDetails.partDetails.labels.part": "भाग",
    "jobDetails.partDetails.labels.type": "प्रकार",
    "jobDetails.partDetails.labels.quantity": "प्रमाण",
    "jobDetails.partDetails.labels.price": "किंमत",
    "jobDetails.partDetails.note": "तुम्हाला बिल प्राप्त होईल एकदा ऑर्डर पूर्ण होईल.",
    "jobDetails.partDetails.buttons.accept": "स्वीकारा",
    "jobDetails.partDetails.buttons.deny": "नाकार",
    "jobDetails.feedback.title": "आम्हाला रेट करा",
    "jobDetails.feedback.description": "कृपया आमच्या सेवेबद्दल तुमचे अनुभव रेट करा",
    "jobDetails.feedback.serviceRating": "सेवा रेटिंग",
    "jobDetails.feedback.technicianRating": "तंत्रज्ञ रेटिंग",
    "jobDetails.feedback.comment": "टिप्पणी",
    "jobDetails.feedback.technicianName": "तंत्रज्ञ नाव",
    "jobDetails.feedback.technicianMobile": "तंत्रज्ञ मोबाईल",
    "cancelOrder.title": "ऑर्डर तपशील",
    "cancelOrder.selectReason": "रद्द करण्याचे कारण निवडा",
    "cancelOrder.reasonDescription": "तुम्ही सेवा विनंती रद्द करण्यापूर्वी, कृपया खालील पर्यायांपैकी एक कारण निवडा.",
    "cancelOrder.comment.placeholder": "समस्या/टिप्पणी वर्णन करा",
    "cancelOrder.buttons.cancel": "ऑर्डर रद्द करा",
    "cancelOrder.buttons.confirm": "पुष्टी करा",
    "cancelOrder.modal.title": "तुम्हाला ऑर्डर रद्द करायची आहे का?",
    "cart.title": "कार्ट",
    "cart.guestUser.title": "तुम्ही अतिथी आहात",
    "cart.guestUser.message": "कृपया कार्टमध्ये आयटम जोडण्यासाठी लॉगिन करा",
    "cart.guestUser.cancel": "रद्द करा",
    "cart.guestUser.login": "लॉगिन करा",
    "cart.buttons.checkout": "चेक आउट",
    "cart.coupons.title": "कूपन्स",
    "cart.coupons.input.placeholder": "कूपन कोड टाका",
    "cart.coupons.buttons.apply": "लागू करा",
    "cart.coupons.empty.title": "कूपन उपलब्ध नाही",
    "cart.coupons.empty.message": "सध्या कोणतेही सक्रिय कूपन उपलब्ध नाहीत. नवीन ऑफर्ससाठी पुन्हा तपासा!",
    "cart.coupons.discount.percentOff": "{{value}}% सवलत",
    "cart.coupons.discount.amountOff": "₹{{value}} सवलत",
    "search.title": "शोधा",
    "search.input.placeholder": "किमान ३ अक्षरे टाका...",
    "search.buttons.search": "शोधा",
    "search.alerts.invalid.title": "अवैध",
    "search.alerts.invalid.message": "कृपया किमान ३ अक्षरे टाका",
    "search.alerts.error.title": "चुक",
    "paymentSummary.title": "पेमेंट सारांश",
    "paymentSummary.labels.subTotal": "उप-एकूण",
    "paymentSummary.labels.tax": "कर",
    "paymentSummary.labels.total": "एकूण",
    "paymentSummary.labels.partTotal": "भाग एकूण",
    "paymentSummary.labels.serviceTotal": "सेवा एकूण",
    "paymentSummary.labels.grandTotal": "ग्रँड एकूण",
    "paymentSummary.labels.part": "भाग",
    "paymentSummary.labels.type": "प्रकार",
    "paymentSummary.labels.quantity": "प्रमाण",
    "paymentSummary.labels.price": "किंमत",
    "paymentSummary.buttons.proceed": "पेमेंटसाठी पुढे जा",
    "paymentSummary.buttons.cancel": "रद्द करा",
    "paymentSummary.payment.description": "ऑर्डर भागांसाठी पेमेंट",
    "paymentSummary.payment.errors.default": "पेमेंटमध्ये काहीतरी चुकीचे झाले",
    "paymentSummary.payment.errors.cancelled": "पेमेंट रद्द करण्यात आले",
    "paymentSummary.payment.errors.network": "नेटवर्क चुक आली. कृपया पुन्हा प्रयत्न करा",
    "paymentSummary.payment.errors.success": "व्यवहार यशस्वी",
    "paymentSummary.payment.errors.failed": "व्यवहार अपयशी",
    "rescheduleOrder.title": "ऑर्डर पुन्हा वेळ ठरवा",
    "rescheduleOrder.selectReason": "पुन्हा वेळ ठरवण्यासाठी कारण निवडा",
    "rescheduleOrder.input.placeholder": "समस्या/टिप्पणी वर्णन करा",
    "rescheduleOrder.buttons.next": "पुढे (तारीख आणि वेळ निवडा)",
    "rescheduleOrder.alerts.noReason": "ऑर्डर पुन्हा वेळ ठरवण्यापूर्वी, कृपया खालील पर्यायांपैकी एक कारण निवडा.",
    "chat.input.placeholder": "संदेश",
    "chat.buttons.camera": "कॅमेरा",
    "chat.buttons.video": "व्हिडिओ",
    "chat.buttons.gallery": "गॅलरी",
    "chat.buttons.cancel": "रद्द करा",
    "chat.buttons.send": "पाठवा",
    "chat.confirmation.message": "तुम्ही हे पाठवायला खात्री करू इच्छिता का?",
    "chat.alerts.emptyMessage": "संदेश रिकामा असू शकत नाही",
    "chat.alerts.errors.uploadFailed": "अपलोड अयशस्वी",
    "chat.alerts.errors.userCancelled": "वापरकर्त्याने मीडिया पिकर रद्द केला",
    "chat.alerts.errors.pickingError": "मीडिया निवडताना त्रुटी:",
    "chat.messages.empty": "अजून कोणतेही संदेश नाहीत",
    "menu.common.back": "मागे",
    "menu.mainMenu.profile.logout": "लॉगआउट",
    "menu.profile.title": "तुमचा प्रोफाइल",
    "menu.profile.labels.name": "नाव",
    "menu.profile.labels.mobile": "मोबाईल",
    "menu.profile.labels.email": "ईमेल",
    "menu.profile.buttons.update": "प्रोफाइल अपडेट करा",
    "menu.addressBook.title": "संपर्क पत्ते",
    "menu.addressBook.labels.defaultAddress": "डिफॉल्ट पत्ता",
    "menu.addressBook.labels.addNew": "+ दुसरा पत्ता जोडा",
    "menu.addressBook.buttons.useAddress": "हा पत्ता वापरा",
    "menu.addressBook.alerts.fetchError": "पत्ते मिळवण्यात अयशस्वी",
    "menu.addressBook.alerts.defaultError": "डिफॉल्ट पत्ता सेट करण्यात अयशस्वी",
    "menu.settings.title": "सेटिंग्ज",
    "menu.settings.items.language": "भाषा सेटिंग्ज",
    "menu.settings.items.about": "विषयी",
    "menu.language.title": "भाषा सेटिंग्ज",
    "menu.language.alerts.fetchError": "भाषा मिळवण्यात अयशस्वी",
    "menu.language.alerts.error": "भाषा मिळवताना त्रुटी",
    "menu.about.title": "विषयी",
    "menu.about.items.terms": "सेवा अटी",
    "menu.about.items.licenses": "लायसन्स",
    "menu.notification.title": "सूचना",
    "menu.notification.labels.pockitNotification": "PockIT सूचना",
    "menu.notification.alerts.disabled.title": "सूचना अक्षम",
    "menu.notification.alerts.disabled.message": "तुम्हाला सूचना मिळणार नाहीत.",
    "menu.helpSupport.title": "सहाय्य आणि समर्थन",
    "menu.helpSupport.sections.faq": "FAQs",
    "menu.helpSupport.buttons.contact": "आमच्याशी संपर्क करा",
    "menu.payment.title": "पेमेंट्स",
    "menu.payment.sections.upi": "UPI",
    "menu.payment.sections.cards": "कार्ड्स",
    "menu.payment.sections.cash": "रोख",
    "menu.payment.buttons.addUpi": "नवीन UPI आयडी जोडा",
    "menu.payment.buttons.addCard": "कार्ड जोडा",
    "menu.payment.buttons.addCash": "जोड़ा",
    "menu.terms.title": "सेवा अटी",
    "menu.licenses.title": "लायसन्स",
    "knowledgeBase.title": "ज्ञानकोश",
    "myOrders.title": "माझ्या ऑर्डर्स",
    "footer.contactUs": "आमच्याशी संपर्क साधा",
    "footer.blogs": "ब्लॉग्स",
    "footer.privacyPolicy": "गोपनीयता धोरण",
    "footer.termsAndConditions": "अटी आणि शर्ती",
    "footer.aboutUs": "आमच्याबद्दल" ,
    "shop.PopularBrands": "लोकप्रिय ब्रँड" 
}
,
"servicejson": { 
    "service_details": "सेवा तपशील",
    "selected_service": "निवडलेली सेवा",
    "enter_details": "कृपया तुमच्या उपकरणाबद्दल अधिक तपशील प्रविष्ट करा.",
    "base_price": "मूलभूत किंमत",
    "sla": "SLA",
    "estimate_time": "अंदाजे वेळ",
    "quantity": "प्रमाण",
    "brand_name": "ब्रँडचे नाव",
    "optional": "(पर्यायी)",
    "model_number": "मॉडेल क्रमांक",
    "upload_photo": "फोटो अपलोड करा",
    "browse_photo": "फोटो निवडा",
    "add_description": "वर्णन जोडा",
    "enter_description": "वर्णन प्रविष्ट करा",
    "back": "मागे" ,
    "remove_from_cart": "कार्टमधून काढा",
    "add_to_cart": "कार्टमध्ये जोडा",
    "processing": "प्रक्रिया चालू आहे",
    "go_to_cart": "कार्टकडे जा",
    "next": "पुढे",
    "select_address_slot": "पत्ता आणि वेळ निवडा" ,
    "enter_model_number": "मॉडेल क्रमांक प्रविष्ट करा",
    "enter_brand_name": "ब्रँडचे नाव प्रविष्ट करा"
  }
,
"home": {
    "popular_services": "लोकप्रिय सेवा",
    "view_all_services": "सर्व सेवा पहा",
    "service_categories": "सेवा श्रेणी",
    "express_service": "एक्सप्रेस सेवा",
    "express_service_desc": "अतिरिक्त शुल्कासह आमच्या एक्सप्रेस चेकआउट पर्यायासह त्या दिवशीची सेवा",
    "remove_express_service": "एक्सप्रेस सेवा काढा",
    "use_express_service": "एक्सप्रेस सेवा वापरा",
    "select_date_time": "कृपया तंत्रज्ञाच्या भेटीसाठी तारीख आणि वेळ निवडा",
    "select_date": "तारीख निवडा",
    "select_time_slot": "वेळ निवडा",
    "no_slots_available": "निवडलेल्या तारखेसाठी कोणतीही वेळ उपलब्ध नाही.",
    "remarks": "शेरा",
    "remarks_placeholder": "उदा. कृपया सकाळी 10 वाजता भेट द्या.",
    "confirm": "पुष्टी करा",
    "reviews": "पुनरावलोकने",
    "fetching_reviews": "पुनरावलोकने मिळवत आहे...",
    "no_reviews": "कोणतीही पुनरावलोकने उपलब्ध नाहीत.",
    "guest_title": "तुम्ही पाहुणे आहात",
    "guest_message": "कृपया तुमच्या कार्टमध्ये आयटम जोडण्यासाठी लॉगिन करा आणि निर्बाध सेवा घ्या.",
    "cancel": "रद्द करा",
    "login": "लॉगिन",
    "how_to_find_model": "मॉडेल क्रमांक कसा शोधायचा",
    "model_number_guide": "तुमच्या लॅपटॉपच्या खालच्या बाजूला 'मॉडेल' किंवा 'मॉडेल नं.' लेबल असलेली स्टिकर किंवा कोरलेली माहिती तपासा. मार्गदर्शनासाठी खालील प्रतिमेचा संदर्भ घ्या.",
    "how_to_upload_photo": "फोटो कसा अपलोड करायचा",
    "upload_photo_guide": "फोटोमध्ये तुमच्या उपकरणाचे तपशील स्पष्टपणे दिसावेत हे सुनिश्चित करा.",
    "selected_category": "निवडलेली श्रेणी",
    "select_service_type": "कृपया सेवेचा प्रकार निवडा.",
    "loading": "लोड होत आहे...",
    "device_type": "उपकरण प्रकार",
    "choose_action": "कृपया तुम्हाला करायची कृती निवडा.",
    "qty": "प्रमाण",
    "view_reviews": "पुनरावलोकने पहा",
    "back": "मागे",
    "service_details": "सेवा तपशील",
    "select_address": "पत्ता निवडा",
    "add_address": "पत्ता जोडा",
    "select": "निवडा",
    "edit": "संपादित करा",
    "delete": "हटवा",
    "address_line": "पत्ता ओळ",
    "district": "जिल्हा",
    "pincode": "पिनकोड",
    "name": "नाव",
    "phone": "फोन",
    "email": "ईमेल",
    "save": "जतन करा",
    "update": "अपडेट करा",
    "close": "बंद करा",
    "address_saved": "पत्ता यशस्वीरित्या जतन केला",
    "address_updated": "पत्ता यशस्वीरित्या अपडेट केला",
    "address_deleted": "पत्ता यशस्वीरित्या हटवला",
    "error_saving": "पत्ता जतन करताना त्रुटी",
    "error_updating": "पत्ता अपडेट करताना त्रुटी",
    "error_deleting": "पत्ता हटवताना त्रुटी",
    "confirm_delete": "तुम्हाला खात्री आहे की तुम्ही हा पत्ता हटवू इच्छिता?",
    "yes": "होय",
    "no": "नाही",
    "time_slots": {
      "morning": "सकाळ",
      "afternoon": "दुपार",
      "evening": "संध्याकाळ"
    },
    "address_modal": {
      "title": "पत्ता निवडा",
      "add_new": "नवीन पत्ता जोडा",
      "edit": "पत्ता संपादित करा",
      "delete": "पत्ता हटवा",
      "confirm": "पुष्टी करा",
      "cancel": "रद्द करा"
    },
    "service_card": {
      "base_price": "मूलभूत किंमत",
      "estimate_time": "अंदाजे वेळ",
      "qty": "प्रमाण",
      "view_reviews": "पुनरावलोकने पहा",
      "add_to_cart": "कार्टमध्ये जोडा",
      "remove_from_cart": "कार्टमधून काढा",
      "processing": "प्रक्रिया चालू आहे"
    },
    "reviews_modal": {
      "title": "पुनरावलोकने",
      "loading": "पुनरावलोकने मिळवत आहे...",
      "no_reviews": "कोणतीही पुनरावलोकने उपलब्ध नाहीत.",
      "rating": "रेटिंग",
      "comment": "टिप्पणी"
    },
    "guest_modal": {
      "title": "तुम्ही पाहुणे आहात",
      "message": "कृपया तुमच्या कार्टमध्ये आयटम जोडण्यासाठी लॉगिन करा आणि निर्बाध सेवा घ्या.",
      "cancel": "रद्द करा",
      "login": "लॉगिन"
    },
    "service_drawer": {
      "title": "सेवा ड्रॉअर",
      "select_service_type": "कृपया सेवेचा प्रकार निवडा",
      "loading": "लोड होत आहे...",
      "back": "मागे",
      "selected_category": "निवडलेली श्रेणी",
      "device_list": "उपकरणांची यादी",
      "no_devices": "कोणतीही उपकरणे उपलब्ध नाहीत"
    },
    "service_categories": {
      "title": "सेवा श्रेणी",
      "popular_services": "लोकप्रिय सेवा",
      "view_all": "सर्व सेवा पहा",
      "loading": "श्रेणी लोड होत आहेत...",
      "no_categories": "कोणतीही श्रेणी उपलब्ध नाही"
    },
    "service_details": {
      "title": "सेवा तपशील",
      "selected_service": "निवडलेली सेवा",
      "device_type": "उपकरण प्रकार",
      "choose_action": "कृपया तुम्हाला करायची कृती निवडा",
      "loading": "सेवा तपशील लोड होत आहेत...",
      "no_details": "कोणतेही तपशील उपलब्ध नाहीत"
    },
    "address_slot": {
      "title": "पत्ता आणि वेळ निवडा",
      "select_address": "पत्ता निवडा",
      "add_new_address": "नवीन पत्ता जोडा",
      "edit_address": "पत्ता संपादित करा",
      "confirm": "पुष्टी करा",
      "back": "मागे",
      "loading": "पत्ते लोड होत आहेत..."
    },
    "service_card": {
      "base_price": "मूलभूत किंमत",
      "estimate_time": "अंदाजे वेळ",
      "qty": "प्रमाण",
      "view_reviews": "पुनरावलोकने पहा",
      "add_to_cart": "कार्टमध्ये जोडा",
      "remove_from_cart": "कार्टमधून काढा",
      "processing": "प्रक्रिया चालू आहे",
      "go_to_cart": "कार्टकडे जा"
    },
    "reviews": {
      "title": "पुनरावलोकने",
      "loading": "पुनरावलोकने मिळवत आहे...",
      "no_reviews": "कोणतीही पुनरावलोकने उपलब्ध नाहीत",
      "rating": "रेटिंग",
      "comment": "टिप्पणी",
      "view_all": "सर्व पुनरावलोकने पहा"
    },
    "guest_modal": {
      "title": "तुम्ही पाहुणे आहात",
      "message": "कृपया तुमच्या कार्टमध्ये आयटम जोडण्यासाठी लॉगिन करा आणि निर्बाध सेवा घ्या",
      "cancel": "रद्द करा",
      "login": "लॉगिन"
    },
    "loading": {
      "services": "सेवा लोड होत आहेत...",
      "categories": "श्रेणी लोड होत आहेत...",
      "addresses": "पत्ते लोड होत आहेत...",
      "reviews": "पुनरावलोकने लोड होत आहेत..."
    },
    "errors": {
      "load_failed": "डेटा लोड करण्यात अयशस्वी",
      "try_again": "कृपया पुन्हा प्रयत्न करा",
      "no_data": "कोणताही डेटा उपलब्ध नाही"
    }
  },
  "service": {
    "title": "सेवा",
    "loading": "लोड होत आहे...",
    "no_data": "कोणतीही माहिती उपलब्ध नाही",
    "load_more": "अधिक लोड करा",
    "base_price": "मूलभूत किंमत",
    "estimate_time": "अंदाजित वेळ",
    "sla": "सेवा स्तर करार",
    "cancel": "रद्द करा",
    "select": "निवडा",
    "guest": {
      "title": "तुम्ही पाहुणे आहात",
      "message": "कृपया तुमच्या कार्टमध्ये आयटम जोडण्यासाठी लॉगिन करा आणि सहज सेवा घ्या.",
      "cancel": "रद्द करा",
      "login": "लॉगिन करा"
    },
    "service_details": "सेवा तपशील",
    "view_reviews": "समीक्षा पहा",
    "no_reviews": "कोणतीही समीक्षा उपलब्ध नाही",
    "fetching_reviews": "समीक्षा मिळवत आहे...",
    "categories": {
      "title": "श्रेणी",
      "loading": "श्रेणी लोड होत आहेत...",
      "no_categories": "कोणतीही श्रेणी उपलब्ध नाही"
    },
    "modal": {
      "close": "बंद करा",
      "select": "निवडा",
      "base_price": "मूलभूत किंमत",
      "estimate_time": "अंदाजित वेळ",
      "sla": "सेवा स्तर करार"
    },
    "drawer": {
      "title": "सेवा तपशील",
      "loading": "लोड होत आहे...",
      "back": "मागे"
    }
  },
  "order_review": {
    "title": "ऑर्डर समालोचन",
    "loading": "लोड होत आहे...",
    "order_id": "ऑर्डर आयडी",
    "details": "तपशील",
    "sla": "सेवा स्तर करार",
    "estimate_time": "अंदाजित वेळ",
    "device": "उपकरण",
    "service": "सेवा",
    "quantity": "प्रमाण",
    "contact_details": {
      "title": "संपर्क तपशील",
      "mobile_number": "मोबाईल नंबर",
      "name": "नाव",
      "address": "पत्ता"
    },
    "coupons": {
      "title": "कूपन्स आणि ऑफर्स",
      "applied": "कूपन लागू केले",
      "discount": "सवलत",
      "remove": "काढा",
      "view_all": "सर्व कूपन्स पाहण्यासाठी येथे क्लिक करा",
      "no_coupons": "कोणतेही कूपन उपलब्ध नाही",
      "no_coupons_message": "सध्या कोणतेही सक्रिय कूपन उपलब्ध नाहीत. नवीन ऑफर्ससाठी पुन्हा तपासा!"
    },
    "cancellation_policy": {
      "title": "रद्द करण्याची धोरण",
      "description": "तुम्ही ऑर्डर स्वीकारण्यापूर्वी रद्द करू शकता. एकदा ऑर्डर स्वीकारली गेली की, रद्द करणे शक्य होणार नाही."
    },
    "payment_summary": {
      "title": "पेमेंट सारांश",
      "base_price": "मूलभूत किंमत",
      "tax": "कर",
      "express_service": "एक्सप्रेस सेवा",
      "discount": "सवलत (कूपन लागू केले)",
      "total": "एकूण"
    },
    "payment_mode": {
      "title": "पेमेंट मोड निवडा",
      "cash_on_delivery": "पेडी-ऑन-डिलिव्हरी",
      "online_payment": "ऑनलाइन पेमेंट",
      "proceed_to_pay": "पेमेंटसाठी पुढे जा"
    },
    "coupon_modal": {
      "search_placeholder": "कूपन्स शोधा...",
      "apply": "लागू करा",
      "no_coupons": "कोणतेही कूपन उपलब्ध नाही"
    }
  },
  "order_details": {
    "title": "ऑर्डर तपशील",
    "loading": "लोड होत आहे...",
    "order_id": "ऑर्डर आयडी",
    "order_details": "ऑर्डर तपशील",
    "order_status": "ऑर्डर स्थिती",
    "no_status_available": "कोणतीही स्थिती उपलब्ध नाही",
    "no_status_history_available": "कोणतीही स्थिती इतिहास उपलब्ध नाही",
    "device": "यंत्र",
    "type": "प्रकार",
    "service": "सेवा",
    "priority": "प्राधान्य",
    "high_priority": "उच्च (एक्सप्रेस सेवा)",
    "technician_visit": "तंत्रज्ञ भेट",
    "estimated_service_time": "अनुमानित सेवा वेळ",
    "minutes": "मिनिट",
    "not_mentioned": "उल्लेखित नाही",
    "contact_details": "संपर्क तपशील",
    "mobile_number": "मोबाईल नंबर",
    "name": "नाव",
    "address": "पत्ता",
    "reschedule_policy": "पुन्हा वेळ ठरवण्याची धोरण",
    "reschedule_policy_description": "तुम्ही ऑर्डर प्रलंबित असताना पुन्हा वेळ ठरवू शकता. एकदा मंजूर झाल्यानंतर पुन्हा वेळ ठरवणे शक्य होणार नाही.",
    "cancellation_policy": "रद्द करण्याची धोरण",
    "cancellation_policy_description": "तुम्ही ऑर्डर स्वीकारण्यापूर्वी रद्द करू शकता. एकदा ऑर्डर स्वीकारली गेली की, रद्द करणे शक्य होणार नाही.",
    "order_rejected": "ऑर्डर नाकारला गेला",
    "order_accepted": "ऑर्डर स्वीकारला गेला",
    "cancellation_rejected": "रद्द करणे नाकारले गेले",
    "no_remark_provided": "कोणतीही टिप्पणी दिलेली नाही",
    "cancellation_rejected_without_remark": "टिप्पणीशिवाय रद्द करणे नाकारले गेले",
    "number_of_jobs": "कामांची संख्या",
    "no_parts_available": "कोणतेही भाग उपलब्ध नाहीत",
    "technician_done_job": "आमच्या तंत्रज्ञांनी काम केले आहे!",
    "please_make_part": "कृपया भागाचा पेमेंट पूर्ण करण्यासाठी करा.",
    "select_payment_mode": "पेमेंट मोड निवडा",
    "proceed_to_pay": "पैसे भरण्यासाठी पुढे जा",
    "replies_may_be_delayed": "तंत्रज्ञ रस्त्यावर असल्याने उत्तर विलंब होऊ शकतात.",
    "reschedule": "पुन्हा वेळ ठरवा",
    "cancel": "रद्द करा",
    "download_invoice": "चलन डाउनलोड करा",
    "cancel_order": "ऑर्डर रद्द करा",
    "select_cancellation_reason": "रद्द करण्याचे कारण निवडा",
    "describe_problem": "समस्या/टिप्पणी वर्णन करा",
    "confirm_cancellation": "रद्द करण्याची पुष्टी करा",
    "confirm_cancel_message": "तुम्हाला खात्री आहे की तुम्ही ऑर्डर रद्द करू इच्छिता?",
    "no": "नाही",
    "yes_cancel": "होय, रद्द करा",
    "reschedule_order": "ऑर्डर पुन्हा वेळ ठरवा",
    "select_reschedule_reason": "पुन्हा वेळ ठरवण्याचे कारण निवडा",
    "next_select_date_time": "पुढे (तारीख आणि वेळ निवडा)",
    "select_date_slot": "तारीख आणि स्लॉट निवडा"
  }
}